horizon,actions,seed,k,rule,updates,backups,bound,certified,value,matched,gap,oracle_updates,transition_products,menu_pairs,operation_proxy,fixed_h_sweep_proxy,fixed_full_sweep_proxy,backward_dp_proxy
3,2,0,2,rank,1,2,0.00269464978111,True,0.307410466493,0.307410466493,0,0,56,12,176,228,152,76
3,2,0,2,generic,2,3,0,True,0.307410466493,0.307410466493,0,0,84,0,228,228,152,76
3,2,0,8,rank,2,3,0,True,0.416467462348,0.416467462348,0,1,84,18,264,228,152,76
3,2,0,8,generic,2,3,0,True,0.416467462348,0.416467462348,0,1,84,0,228,228,152,76
3,2,0,32,rank,2,3,0,True,0.665306049862,0.665306049862,0,2,84,18,264,228,152,76
3,2,0,32,generic,2,3,0,True,0.665306049862,0.665306049862,0,2,84,0,228,228,152,76
3,2,1,2,rank,1,2,0.000777203518093,True,0.618496800277,0.618496800277,0,0,56,12,176,228,152,76
3,2,1,2,generic,2,3,0,True,0.618496800277,0.618496800277,0,0,84,0,228,228,152,76
3,2,1,8,rank,2,3,0,True,0.820535668247,0.820535668247,0,0,84,18,264,228,152,76
3,2,1,8,generic,2,3,0,True,0.820535668247,0.820535668247,0,0,84,0,228,228,152,76
3,2,1,32,rank,2,3,0,True,0.839972802472,0.839972802472,0,0,84,18,264,228,152,76
3,2,1,32,generic,2,3,0,True,0.839972802472,0.839972802472,0,0,84,0,228,228,152,76
3,2,2,2,rank,1,2,0.0089711984202,True,0.582101387275,0.582101387275,0,0,56,12,176,228,152,76
3,2,2,2,generic,2,3,0,True,0.582101387275,0.582101387275,0,0,84,0,228,228,152,76
3,2,2,8,rank,2,3,0,True,0.611900135186,0.611900135186,0,0,84,18,264,228,152,76
3,2,2,8,generic,2,3,0,True,0.611900135186,0.611900135186,0,0,84,0,228,228,152,76
3,2,2,32,rank,2,3,0,True,0.625012601101,0.625012601101,0,0,84,18,264,228,152,76
3,2,2,32,generic,2,3,0,True,0.625012601101,0.625012601101,0,0,84,0,228,228,152,76
3,2,3,2,rank,0,1,0.0136499943095,True,0.274836490829,0.274836490829,0,0,28,6,88,228,152,76
3,2,3,2,generic,2,3,0,True,0.274836490829,0.274836490829,0,0,84,0,228,228,152,76
3,2,3,8,rank,2,3,0,True,0.404720948104,0.404720948104,0,0,84,18,264,228,152,76
3,2,3,8,generic,2,3,0,True,0.404720948104,0.404720948104,0,0,84,0,228,228,152,76
3,2,3,32,rank,2,3,0,True,0.685611904129,0.685611904129,0,2,84,18,264,228,152,76
3,2,3,32,generic,2,3,0,True,0.685611904129,0.685611904129,0,2,84,0,228,228,152,76
3,2,4,2,rank,1,2,0.0108588578984,True,0.521180049866,0.521180049866,0,0,56,12,176,228,152,76
3,2,4,2,generic,2,3,0,True,0.521180049866,0.521180049866,0,0,84,0,228,228,152,76
3,2,4,8,rank,2,3,0,True,0.594365841015,0.594365841015,0,0,84,18,264,228,152,76
3,2,4,8,generic,2,3,0,True,0.594365841015,0.594365841015,0,0,84,0,228,228,152,76
3,2,4,32,rank,2,3,0,True,0.665499709399,0.665499709399,0,0,84,18,264,228,152,76
3,2,4,32,generic,2,3,0,True,0.665499709399,0.665499709399,0,0,84,0,228,228,152,76
3,2,5,2,rank,0,1,0.0129032797142,True,0.563583149102,0.563583149102,0,0,28,6,88,228,152,76
3,2,5,2,generic,2,3,0,True,0.563583149102,0.563583149102,0,0,84,0,228,228,152,76
3,2,5,8,rank,2,3,0,True,0.629036421621,0.629036421621,0,0,84,18,264,228,152,76
3,2,5,8,generic,2,3,0,True,0.629036421621,0.629036421621,0,0,84,0,228,228,152,76
3,2,5,32,rank,2,3,0,True,0.643931650169,0.643931650169,0,0,84,18,264,228,152,76
3,2,5,32,generic,2,3,0,True,0.643931650169,0.643931650169,0,0,84,0,228,228,152,76
3,2,6,2,rank,0,1,0.00153050637045,True,0.542209485157,0.542209485157,0,0,28,6,88,228,152,76
3,2,6,2,generic,1,2,0.0177213463717,True,0.542209485157,0.542209485157,0,0,56,0,152,228,152,76
3,2,6,8,rank,1,2,0,True,0.653716705438,0.653716705438,0,0,56,12,176,228,152,76
3,2,6,8,generic,2,3,0,True,0.653716705438,0.653716705438,0,0,84,0,228,228,152,76
3,2,6,32,rank,1,2,0,True,0.726913326804,0.726913326804,0,0,56,12,176,228,152,76
3,2,6,32,generic,2,3,0,True,0.726913326804,0.726913326804,0,0,84,0,228,228,152,76
3,2,7,2,rank,0,1,0,True,0.544367478841,0.544367478841,0,0,28,6,88,228,152,76
3,2,7,2,generic,1,2,0.0013877567804,True,0.544367478841,0.544367478841,0,0,56,0,152,228,152,76
3,2,7,8,rank,1,2,0,True,0.735169976289,0.735169976289,0,0,56,12,176,228,152,76
3,2,7,8,generic,1,2,0.0137591974076,True,0.735169976289,0.735169976289,0,0,56,0,152,228,152,76
3,2,7,32,rank,2,3,0,True,0.871405661976,0.871405661976,0,0,84,18,264,228,152,76
3,2,7,32,generic,2,3,0,True,0.871405661976,0.871405661976,0,0,84,0,228,228,152,76
3,2,8,2,rank,0,1,0.00427164810124,True,0.170568958658,0.170568958658,0,0,28,6,88,228,152,76
3,2,8,2,generic,2,3,0,True,0.170568958658,0.170568958658,0,0,84,0,228,228,152,76
3,2,8,8,rank,2,3,0,True,0.244257962759,0.244257962759,0,0,84,18,264,228,152,76
3,2,8,8,generic,2,3,0,True,0.244257962759,0.244257962759,0,0,84,0,228,228,152,76
3,2,8,32,rank,2,3,0,True,0.288636215787,0.288636215787,0,0,84,18,264,228,152,76
3,2,8,32,generic,2,3,0,True,0.288636215787,0.288636215787,0,0,84,0,228,228,152,76
3,2,9,2,rank,2,3,0,True,0.636646628998,0.636646628998,0,0,84,18,264,228,152,76
3,2,9,2,generic,2,3,0,True,0.636646628998,0.636646628998,0,0,84,0,228,228,152,76
3,2,9,8,rank,2,3,0,True,0.701909548979,0.701909548979,0,0,84,18,264,228,152,76
3,2,9,8,generic,2,3,0,True,0.701909548979,0.701909548979,0,0,84,0,228,228,152,76
3,2,9,32,rank,2,3,0,True,0.703652229037,0.703652229037,0,0,84,18,264,228,152,76
3,2,9,32,generic,2,3,0,True,0.703652229037,0.703652229037,0,0,84,0,228,228,152,76
3,2,10,2,rank,2,3,0,True,0.669638550951,0.669638550951,0,0,84,18,264,228,152,76
3,2,10,2,generic,2,3,0,True,0.669638550951,0.669638550951,0,0,84,0,228,228,152,76
3,2,10,8,rank,2,3,0,True,0.692747870079,0.692747870079,0,0,84,18,264,228,152,76
3,2,10,8,generic,2,3,0,True,0.692747870079,0.692747870079,0,0,84,0,228,228,152,76
3,2,10,32,rank,2,3,0,True,0.692771101781,0.692771101781,0,0,84,18,264,228,152,76
3,2,10,32,generic,2,3,0,True,0.692771101781,0.692771101781,0,0,84,0,228,228,152,76
3,2,11,2,rank,0,1,0,True,0.369025205853,0.369025205853,0,0,28,6,88,228,152,76
3,2,11,2,generic,1,2,0.00660298217429,True,0.369025205853,0.369025205853,0,0,56,0,152,228,152,76
3,2,11,8,rank,0,1,0,True,0.434017398987,0.434017398987,0,0,28,6,88,228,152,76
3,2,11,8,generic,2,3,0,True,0.434017398987,0.434017398987,0,0,84,0,228,228,152,76
3,2,11,32,rank,1,2,0,True,0.577423145821,0.577423145821,0,0,56,12,176,228,152,76
3,2,11,32,generic,2,3,0,True,0.577423145821,0.577423145821,0,0,84,0,228,228,152,76
3,8,0,2,rank,2,3,0,True,0.496446960322,0.496446960322,0,0,336,504,3216,1200,800,400
3,8,0,2,generic,2,3,0,True,0.496446960322,0.496446960322,0,0,336,0,1200,1200,800,400
3,8,0,8,rank,2,3,0,True,0.791370712121,0.791370712121,0,0,336,504,3216,1200,800,400
3,8,0,8,generic,2,3,0,True,0.791370712121,0.791370712121,0,0,336,0,1200,1200,800,400
3,8,0,32,rank,2,3,0,True,0.906535168914,0.906535168914,0,0,336,504,3216,1200,800,400
3,8,0,32,generic,2,3,0,True,0.906535168914,0.906535168914,0,0,336,0,1200,1200,800,400
3,8,1,2,rank,2,3,0,True,0.550967812472,0.550967812472,0,0,336,504,3216,1200,800,400
3,8,1,2,generic,2,3,0,True,0.550967812472,0.550967812472,0,0,336,0,1200,1200,800,400
3,8,1,8,rank,2,3,0,True,0.67952890056,0.67952890056,0,0,336,504,3216,1200,800,400
3,8,1,8,generic,2,3,0,True,0.67952890056,0.67952890056,0,0,336,0,1200,1200,800,400
3,8,1,32,rank,2,3,0,True,0.760745341604,0.760745341604,0,0,336,504,3216,1200,800,400
3,8,1,32,generic,2,3,0,True,0.760745341604,0.760745341604,0,0,336,0,1200,1200,800,400
3,8,2,2,rank,2,3,0,True,0.494092187286,0.494092187286,0,0,336,504,3216,1200,800,400
3,8,2,2,generic,2,3,0,True,0.494092187286,0.494092187286,0,0,336,0,1200,1200,800,400
3,8,2,8,rank,2,3,0,True,0.85879521399,0.85879521399,0,1,336,504,3216,1200,800,400
3,8,2,8,generic,2,3,0,True,0.85879521399,0.85879521399,0,1,336,0,1200,1200,800,400
3,8,2,32,rank,2,3,0,True,0.936754821073,0.936754821073,0,1,336,504,3216,1200,800,400
3,8,2,32,generic,2,3,0,True,0.936754821073,0.936754821073,0,1,336,0,1200,1200,800,400
3,8,3,2,rank,2,3,0,True,0.828445021261,0.828445021261,0,0,336,504,3216,1200,800,400
3,8,3,2,generic,2,3,0,True,0.828445021261,0.828445021261,0,0,336,0,1200,1200,800,400
3,8,3,8,rank,2,3,0,True,0.923423650685,0.923423650685,0,0,336,504,3216,1200,800,400
3,8,3,8,generic,2,3,0,True,0.923423650685,0.923423650685,0,0,336,0,1200,1200,800,400
3,8,3,32,rank,2,3,0,True,0.938974758013,0.938974758013,0,0,336,504,3216,1200,800,400
3,8,3,32,generic,2,3,0,True,0.938974758013,0.938974758013,0,0,336,0,1200,1200,800,400
3,8,4,2,rank,2,3,0,True,0.738502457541,0.738502457541,0,0,336,504,3216,1200,800,400
3,8,4,2,generic,2,3,0,True,0.738502457541,0.738502457541,0,0,336,0,1200,1200,800,400
3,8,4,8,rank,2,3,0,True,0.909115288483,0.909115288483,0,0,336,504,3216,1200,800,400
3,8,4,8,generic,2,3,0,True,0.909115288483,0.909115288483,0,0,336,0,1200,1200,800,400
3,8,4,32,rank,2,3,0,True,0.92680280678,0.92680280678,0,0,336,504,3216,1200,800,400
3,8,4,32,generic,2,3,0,True,0.92680280678,0.92680280678,0,0,336,0,1200,1200,800,400
3,8,5,2,rank,2,3,0,True,0.584941271227,0.584941271227,0,0,336,504,3216,1200,800,400
3,8,5,2,generic,2,3,0,True,0.584941271227,0.584941271227,0,0,336,0,1200,1200,800,400
3,8,5,8,rank,2,3,0,True,0.866577798032,0.866577798032,0,2,336,504,3216,1200,800,400
3,8,5,8,generic,2,3,0,True,0.866577798032,0.866577798032,0,2,336,0,1200,1200,800,400
3,8,5,32,rank,2,3,0,True,0.912008806779,0.912008806779,0,1,336,504,3216,1200,800,400
3,8,5,32,generic,2,3,0,True,0.912008806779,0.912008806779,0,1,336,0,1200,1200,800,400
3,8,6,2,rank,2,3,0,True,0.672644872089,0.672644872089,0,0,336,504,3216,1200,800,400
3,8,6,2,generic,2,3,0,True,0.672644872089,0.672644872089,0,0,336,0,1200,1200,800,400
3,8,6,8,rank,2,3,0,True,0.827219333632,0.827219333632,0,0,336,504,3216,1200,800,400
3,8,6,8,generic,2,3,0,True,0.827219333632,0.827219333632,0,0,336,0,1200,1200,800,400
3,8,6,32,rank,2,3,0,True,0.889740520938,0.889740520938,0,0,336,504,3216,1200,800,400
3,8,6,32,generic,2,3,0,True,0.889740520938,0.889740520938,0,0,336,0,1200,1200,800,400
3,8,7,2,rank,2,3,0,True,0.782740800915,0.782740800915,0,0,336,504,3216,1200,800,400
3,8,7,2,generic,2,3,0,True,0.782740800915,0.782740800915,0,0,336,0,1200,1200,800,400
3,8,7,8,rank,2,3,0,True,0.890856978641,0.890856978641,0,0,336,504,3216,1200,800,400
3,8,7,8,generic,2,3,0,True,0.890856978641,0.890856978641,0,0,336,0,1200,1200,800,400
3,8,7,32,rank,2,3,0,True,0.91537437685,0.91537437685,0,0,336,504,3216,1200,800,400
3,8,7,32,generic,2,3,0,True,0.91537437685,0.91537437685,0,0,336,0,1200,1200,800,400
3,8,8,2,rank,2,3,0,True,0.602849175988,0.602849175988,0,0,336,504,3216,1200,800,400
3,8,8,2,generic,2,3,0,True,0.602849175988,0.602849175988,0,0,336,0,1200,1200,800,400
3,8,8,8,rank,2,3,0,True,0.774914221054,0.774914221054,0,0,336,504,3216,1200,800,400
3,8,8,8,generic,2,3,0,True,0.774914221054,0.774914221054,0,0,336,0,1200,1200,800,400
3,8,8,32,rank,2,3,0,True,0.877728481141,0.877728481141,0,0,336,504,3216,1200,800,400
3,8,8,32,generic,2,3,0,True,0.877728481141,0.877728481141,0,0,336,0,1200,1200,800,400
3,8,9,2,rank,2,3,0,True,0.462636983346,0.462636983346,0,0,336,504,3216,1200,800,400
3,8,9,2,generic,2,3,0,True,0.462636983346,0.462636983346,0,0,336,0,1200,1200,800,400
3,8,9,8,rank,2,3,0,True,0.747383059241,0.747383059241,0,1,336,504,3216,1200,800,400
3,8,9,8,generic,2,3,0,True,0.747383059241,0.747383059241,0,1,336,0,1200,1200,800,400
3,8,9,32,rank,2,3,0,True,0.850739450926,0.850739450926,0,2,336,504,3216,1200,800,400
3,8,9,32,generic,2,3,0,True,0.850739450926,0.850739450926,0,2,336,0,1200,1200,800,400
3,8,10,2,rank,2,3,0,True,0.522182913256,0.522182913256,0,0,336,504,3216,1200,800,400
3,8,10,2,generic,2,3,0,True,0.522182913256,0.522182913256,0,0,336,0,1200,1200,800,400
3,8,10,8,rank,2,3,0,True,0.733462002661,0.733462002661,0,0,336,504,3216,1200,800,400
3,8,10,8,generic,2,3,0,True,0.733462002661,0.733462002661,0,0,336,0,1200,1200,800,400
3,8,10,32,rank,2,3,0,True,0.797014557565,0.797014557565,0,0,336,504,3216,1200,800,400
3,8,10,32,generic,2,3,0,True,0.797014557565,0.797014557565,0,0,336,0,1200,1200,800,400
3,8,11,2,rank,2,3,0,True,0.754756145612,0.754756145612,0,0,336,504,3216,1200,800,400
3,8,11,2,generic,2,3,0,True,0.754756145612,0.754756145612,0,0,336,0,1200,1200,800,400
3,8,11,8,rank,2,3,0,True,0.836182665831,0.836182665831,0,0,336,504,3216,1200,800,400
3,8,11,8,generic,2,3,0,True,0.836182665831,0.836182665831,0,0,336,0,1200,1200,800,400
3,8,11,32,rank,2,3,0,True,0.841128218281,0.841128218281,0,0,336,504,3216,1200,800,400
3,8,11,32,generic,2,3,0,True,0.841128218281,0.841128218281,0,0,336,0,1200,1200,800,400
6,2,0,2,rank,4,5,0.0093629869051,True,0.264246809191,0.264246809191,0,0,320,60,920,960,800,160
6,2,0,2,generic,5,6,0,True,0.264246809191,0.264246809191,0,0,384,0,960,960,800,160
6,2,0,8,rank,5,6,0,True,0.373777691267,0.373777691267,0,0,384,72,1104,960,800,160
6,2,0,8,generic,5,6,0,True,0.373777691267,0.373777691267,0,0,384,0,960,960,800,160
6,2,0,32,rank,5,6,0,True,0.506140705903,0.506140705903,0,0,384,72,1104,960,800,160
6,2,0,32,generic,5,6,0,True,0.506140705903,0.506140705903,0,0,384,0,960,960,800,160
6,2,1,2,rank,3,4,0.00463255389357,True,0.589321301709,0.589321301709,0,0,256,48,736,960,800,160
6,2,1,2,generic,5,6,0,True,0.589321301709,0.589321301709,0,0,384,0,960,960,800,160
6,2,1,8,rank,5,6,0,True,0.670324988566,0.670324988566,0,1,384,72,1104,960,800,160
6,2,1,8,generic,5,6,0,True,0.670324988566,0.670324988566,0,1,384,0,960,960,800,160
6,2,1,32,rank,5,6,0,True,0.752017634969,0.752017634969,0,1,384,72,1104,960,800,160
6,2,1,32,generic,5,6,0,True,0.752017634969,0.752017634969,0,1,384,0,960,960,800,160
6,2,2,2,rank,5,6,0,True,0.285686658763,0.285686658763,0,0,384,72,1104,960,800,160
6,2,2,2,generic,5,6,0,True,0.285686658763,0.285686658763,0,0,384,0,960,960,800,160
6,2,2,8,rank,5,6,0,True,0.584621322377,0.584621322377,0,1,384,72,1104,960,800,160
6,2,2,8,generic,5,6,0,True,0.584621322377,0.584621322377,0,1,384,0,960,960,800,160
6,2,2,32,rank,5,6,0,True,0.701456642194,0.701456642194,0,1,384,72,1104,960,800,160
6,2,2,32,generic,5,6,0,True,0.701456642194,0.701456642194,0,1,384,0,960,960,800,160
6,2,3,2,rank,5,6,0,True,0.511194588285,0.511194588285,0,0,384,72,1104,960,800,160
6,2,3,2,generic,5,6,0,True,0.511194588285,0.511194588285,0,0,384,0,960,960,800,160
6,2,3,8,rank,5,6,0,True,0.671627306362,0.671627306362,0,0,384,72,1104,960,800,160
6,2,3,8,generic,5,6,0,True,0.671627306362,0.671627306362,0,0,384,0,960,960,800,160
6,2,3,32,rank,5,6,0,True,0.790075634845,0.790075634845,0,1,384,72,1104,960,800,160
6,2,3,32,generic,5,6,0,True,0.790075634845,0.790075634845,0,1,384,0,960,960,800,160
6,2,4,2,rank,5,6,0,True,0.417780057343,0.417780057343,0,0,384,72,1104,960,800,160
6,2,4,2,generic,5,6,0,True,0.417780057343,0.417780057343,0,0,384,0,960,960,800,160
6,2,4,8,rank,5,6,0,True,0.63707832326,0.63707832326,0,0,384,72,1104,960,800,160
6,2,4,8,generic,5,6,0,True,0.63707832326,0.63707832326,0,0,384,0,960,960,800,160
6,2,4,32,rank,5,6,0,True,0.779111951814,0.779111951814,0,1,384,72,1104,960,800,160
6,2,4,32,generic,5,6,0,True,0.779111951814,0.779111951814,0,1,384,0,960,960,800,160
6,2,5,2,rank,4,5,0.0114467629381,True,0.184802699164,0.184802699164,0,0,320,60,920,960,800,160
6,2,5,2,generic,5,6,0,True,0.184802699164,0.184802699164,0,0,384,0,960,960,800,160
6,2,5,8,rank,5,6,0,True,0.246797071885,0.246797071885,0,0,384,72,1104,960,800,160
6,2,5,8,generic,5,6,0,True,0.246797071885,0.246797071885,0,0,384,0,960,960,800,160
6,2,5,32,rank,5,6,0,True,0.386790982499,0.386790982499,0,1,384,72,1104,960,800,160
6,2,5,32,generic,5,6,0,True,0.386790982499,0.386790982499,0,1,384,0,960,960,800,160
6,2,6,2,rank,4,5,0.00472118428674,True,0.305152056062,0.305152056062,0,0,320,60,920,960,800,160
6,2,6,2,generic,4,5,0.0129500454168,True,0.305152056062,0.305152056062,0,0,320,0,800,960,800,160
6,2,6,8,rank,5,6,0,True,0.37724781078,0.37724781078,0,0,384,72,1104,960,800,160
6,2,6,8,generic,5,6,0,True,0.37724781078,0.37724781078,0,0,384,0,960,960,800,160
6,2,6,32,rank,5,6,0,True,0.47990446201,0.47990446201,0,0,384,72,1104,960,800,160
6,2,6,32,generic,5,6,0,True,0.47990446201,0.47990446201,0,0,384,0,960,960,800,160
6,2,7,2,rank,2,3,0.0166454474666,True,0.360718383795,0.360718383795,0,0,192,36,552,960,800,160
6,2,7,2,generic,5,6,0,True,0.360718383795,0.360718383795,0,0,384,0,960,960,800,160
6,2,7,8,rank,5,6,0,True,0.475506223867,0.475506223867,0,0,384,72,1104,960,800,160
6,2,7,8,generic,5,6,0,True,0.475506223867,0.475506223867,0,0,384,0,960,960,800,160
6,2,7,32,rank,5,6,0,True,0.606053249015,0.606053249015,0,0,384,72,1104,960,800,160
6,2,7,32,generic,5,6,0,True,0.606053249015,0.606053249015,0,0,384,0,960,960,800,160
6,2,8,2,rank,3,4,0.00518561843738,True,0.631471447798,0.631471447798,0,0,256,48,736,960,800,160
6,2,8,2,generic,5,6,0,True,0.631471447798,0.631471447798,0,0,384,0,960,960,800,160
6,2,8,8,rank,3,4,0.0158873038306,True,0.718009753593,0.718009753593,0,0,256,48,736,960,800,160
6,2,8,8,generic,5,6,0,True,0.718009753593,0.718009753593,0,0,384,0,960,960,800,160
6,2,8,32,rank,3,4,0.0085368732999,True,0.751339814536,0.751339814536,0,0,256,48,736,960,800,160
6,2,8,32,generic,5,6,0,True,0.751339814536,0.751339814536,0,0,384,0,960,960,800,160
6,2,9,2,rank,1,2,0.01905739112,True,0.131913150717,0.131913150717,0,0,128,24,368,960,800,160
6,2,9,2,generic,4,5,0.0121268943886,True,0.131913150717,0.131913150717,0,0,320,0,800,960,800,160
6,2,9,8,rank,5,6,0,True,0.175129829954,0.175129829954,0,0,384,72,1104,960,800,160
6,2,9,8,generic,5,6,0,True,0.175129829954,0.175129829954,0,0,384,0,960,960,800,160
6,2,9,32,rank,5,6,0,True,0.314360897123,0.314360897123,0,1,384,72,1104,960,800,160
6,2,9,32,generic,5,6,0,True,0.314360897123,0.314360897123,0,1,384,0,960,960,800,160
6,2,10,2,rank,1,2,0.0126340953094,True,0.126986071808,0.126986071808,0,0,128,24,368,960,800,160
6,2,10,2,generic,5,6,0,True,0.126986071808,0.126986071808,0,0,384,0,960,960,800,160
6,2,10,8,rank,4,5,0.0189774135706,True,0.161500036106,0.161500036106,0,0,320,60,920,960,800,160
6,2,10,8,generic,5,6,0,True,0.161500036106,0.161500036106,0,0,384,0,960,960,800,160
6,2,10,32,rank,5,6,0,True,0.249042493137,0.249042493137,0,0,384,72,1104,960,800,160
6,2,10,32,generic,5,6,0,True,0.249042493137,0.249042493137,0,0,384,0,960,960,800,160
6,2,11,2,rank,1,2,0.0102904253591,True,0.20773683646,0.20773683646,0,0,128,24,368,960,800,160
6,2,11,2,generic,5,6,0,True,0.20773683646,0.20773683646,0,0,384,0,960,960,800,160
6,2,11,8,rank,5,6,0,True,0.250715497048,0.250715497048,0,0,384,72,1104,960,800,160
6,2,11,8,generic,5,6,0,True,0.250715497048,0.250715497048,0,0,384,0,960,960,800,160
6,2,11,32,rank,5,6,0,True,0.295525278328,0.295525278328,0,0,384,72,1104,960,800,160
6,2,11,32,generic,5,6,0,True,0.295525278328,0.295525278328,0,0,384,0,960,960,800,160
6,8,0,2,rank,5,6,0,True,0.387310244561,0.387310244561,0,0,1536,2016,13056,4992,4160,832
6,8,0,2,generic,5,6,0,True,0.387310244561,0.387310244561,0,0,1536,0,4992,4992,4160,832
6,8,0,8,rank,5,6,0,True,0.825163167549,0.825163167549,0,0,1536,2016,13056,4992,4160,832
6,8,0,8,generic,5,6,0,True,0.825163167549,0.825163167549,0,0,1536,0,4992,4992,4160,832
6,8,0,32,rank,5,6,0,True,0.920831886083,0.920831886083,0,0,1536,2016,13056,4992,4160,832
6,8,0,32,generic,5,6,0,True,0.920831886083,0.920831886083,0,0,1536,0,4992,4992,4160,832
6,8,1,2,rank,5,6,0,True,0.578126863681,0.578126863681,0,0,1536,2016,13056,4992,4160,832
6,8,1,2,generic,5,6,0,True,0.578126863681,0.578126863681,0,0,1536,0,4992,4992,4160,832
6,8,1,8,rank,5,6,0,True,0.676405793875,0.676405793875,0,0,1536,2016,13056,4992,4160,832
6,8,1,8,generic,5,6,0,True,0.676405793875,0.676405793875,0,0,1536,0,4992,4992,4160,832
6,8,1,32,rank,5,6,0,True,0.687492076504,0.687492076504,0,1,1536,2016,13056,4992,4160,832
6,8,1,32,generic,5,6,0,True,0.687492076504,0.687492076504,0,1,1536,0,4992,4992,4160,832
6,8,2,2,rank,5,6,0,True,0.390463837935,0.390463837935,0,0,1536,2016,13056,4992,4160,832
6,8,2,2,generic,5,6,0,True,0.390463837935,0.390463837935,0,0,1536,0,4992,4992,4160,832
6,8,2,8,rank,5,6,0,True,0.674583647177,0.674583647177,0,0,1536,2016,13056,4992,4160,832
6,8,2,8,generic,5,6,0,True,0.674583647177,0.674583647177,0,0,1536,0,4992,4992,4160,832
6,8,2,32,rank,5,6,0,True,0.803622414063,0.803622414063,0,0,1536,2016,13056,4992,4160,832
6,8,2,32,generic,5,6,0,True,0.803622414063,0.803622414063,0,0,1536,0,4992,4992,4160,832
6,8,3,2,rank,5,6,0,True,0.349385280703,0.349385280703,0,0,1536,2016,13056,4992,4160,832
6,8,3,2,generic,5,6,0,True,0.349385280703,0.349385280703,0,0,1536,0,4992,4992,4160,832
6,8,3,8,rank,5,6,0,True,0.568066821779,0.568066821779,0,2,1536,2016,13056,4992,4160,832
6,8,3,8,generic,5,6,0,True,0.568066821779,0.568066821779,0,2,1536,0,4992,4992,4160,832
6,8,3,32,rank,5,6,0,True,0.658531274212,0.658531274212,0,1,1536,2016,13056,4992,4160,832
6,8,3,32,generic,5,6,0,True,0.658531274212,0.658531274212,0,1,1536,0,4992,4992,4160,832
6,8,4,2,rank,5,6,0,True,0.239656835841,0.239656835841,0,0,1536,2016,13056,4992,4160,832
6,8,4,2,generic,5,6,0,True,0.239656835841,0.239656835841,0,0,1536,0,4992,4992,4160,832
6,8,4,8,rank,5,6,0,True,0.61066272562,0.61066272562,0,1,1536,2016,13056,4992,4160,832
6,8,4,8,generic,5,6,0,True,0.61066272562,0.61066272562,0,1,1536,0,4992,4992,4160,832
6,8,4,32,rank,5,6,0,True,0.734441751448,0.734441751448,0,1,1536,2016,13056,4992,4160,832
6,8,4,32,generic,5,6,0,True,0.734441751448,0.734441751448,0,1,1536,0,4992,4992,4160,832
6,8,5,2,rank,5,6,0,True,0.580089822308,0.580089822308,0,0,1536,2016,13056,4992,4160,832
6,8,5,2,generic,5,6,0,True,0.580089822308,0.580089822308,0,0,1536,0,4992,4992,4160,832
6,8,5,8,rank,5,6,0,True,0.715301400331,0.715301400331,0,1,1536,2016,13056,4992,4160,832
6,8,5,8,generic,5,6,0,True,0.715301400331,0.715301400331,0,1,1536,0,4992,4992,4160,832
6,8,5,32,rank,5,6,0,True,0.762881507435,0.762881507435,0,0,1536,2016,13056,4992,4160,832
6,8,5,32,generic,5,6,0,True,0.762881507435,0.762881507435,0,0,1536,0,4992,4992,4160,832
6,8,6,2,rank,5,6,0,True,0.575129160951,0.575129160951,0,0,1536,2016,13056,4992,4160,832
6,8,6,2,generic,5,6,0,True,0.575129160951,0.575129160951,0,0,1536,0,4992,4992,4160,832
6,8,6,8,rank,5,6,0,True,0.839647019906,0.839647019906,0,0,1536,2016,13056,4992,4160,832
6,8,6,8,generic,5,6,0,True,0.839647019906,0.839647019906,0,0,1536,0,4992,4992,4160,832
6,8,6,32,rank,5,6,0,True,0.90959963533,0.90959963533,0,0,1536,2016,13056,4992,4160,832
6,8,6,32,generic,5,6,0,True,0.90959963533,0.90959963533,0,0,1536,0,4992,4992,4160,832
6,8,7,2,rank,5,6,0,True,0.618855359172,0.618855359172,0,0,1536,2016,13056,4992,4160,832
6,8,7,2,generic,5,6,0,True,0.618855359172,0.618855359172,0,0,1536,0,4992,4992,4160,832
6,8,7,8,rank,5,6,0,True,0.811204869629,0.811204869629,0,0,1536,2016,13056,4992,4160,832
6,8,7,8,generic,5,6,0,True,0.811204869629,0.811204869629,0,0,1536,0,4992,4992,4160,832
6,8,7,32,rank,5,6,0,True,0.833038051507,0.833038051507,0,0,1536,2016,13056,4992,4160,832
6,8,7,32,generic,5,6,0,True,0.833038051507,0.833038051507,0,0,1536,0,4992,4992,4160,832
6,8,8,2,rank,5,6,0,True,0.418421240231,0.418421240231,0,0,1536,2016,13056,4992,4160,832
6,8,8,2,generic,5,6,0,True,0.418421240231,0.418421240231,0,0,1536,0,4992,4992,4160,832
6,8,8,8,rank,5,6,0,True,0.630439217432,0.630439217432,0,0,1536,2016,13056,4992,4160,832
6,8,8,8,generic,5,6,0,True,0.630439217432,0.630439217432,0,0,1536,0,4992,4992,4160,832
6,8,8,32,rank,5,6,0,True,0.723448604404,0.723448604404,0,2,1536,2016,13056,4992,4160,832
6,8,8,32,generic,5,6,0,True,0.723448604404,0.723448604404,0,2,1536,0,4992,4992,4160,832
6,8,9,2,rank,5,6,0,True,0.549478352035,0.549478352035,0,0,1536,2016,13056,4992,4160,832
6,8,9,2,generic,5,6,0,True,0.549478352035,0.549478352035,0,0,1536,0,4992,4992,4160,832
6,8,9,8,rank,5,6,0,True,0.778330683543,0.778330683543,0,0,1536,2016,13056,4992,4160,832
6,8,9,8,generic,5,6,0,True,0.778330683543,0.778330683543,0,0,1536,0,4992,4992,4160,832
6,8,9,32,rank,5,6,0,True,0.843559910779,0.843559910779,0,0,1536,2016,13056,4992,4160,832
6,8,9,32,generic,5,6,0,True,0.843559910779,0.843559910779,0,0,1536,0,4992,4992,4160,832
6,8,10,2,rank,5,6,0,True,0.466928283176,0.466928283176,0,0,1536,2016,13056,4992,4160,832
6,8,10,2,generic,5,6,0,True,0.466928283176,0.466928283176,0,0,1536,0,4992,4992,4160,832
6,8,10,8,rank,5,6,0,True,0.643543701005,0.643543701005,0,0,1536,2016,13056,4992,4160,832
6,8,10,8,generic,5,6,0,True,0.643543701005,0.643543701005,0,0,1536,0,4992,4992,4160,832
6,8,10,32,rank,5,6,0,True,0.775688563997,0.775688563997,0,1,1536,2016,13056,4992,4160,832
6,8,10,32,generic,5,6,0,True,0.775688563997,0.775688563997,0,1,1536,0,4992,4992,4160,832
6,8,11,2,rank,5,6,0,True,0.435025644266,0.435025644266,0,0,1536,2016,13056,4992,4160,832
6,8,11,2,generic,5,6,0,True,0.435025644266,0.435025644266,0,0,1536,0,4992,4992,4160,832
6,8,11,8,rank,5,6,0,True,0.661934598734,0.661934598734,0,0,1536,2016,13056,4992,4160,832
6,8,11,8,generic,5,6,0,True,0.661934598734,0.661934598734,0,0,1536,0,4992,4992,4160,832
6,8,11,32,rank,5,6,0,True,0.80300992551,0.80300992551,0,0,1536,2016,13056,4992,4160,832
6,8,11,32,generic,5,6,0,True,0.80300992551,0.80300992551,0,0,1536,0,4992,4992,4160,832
10,2,0,2,rank,5,6,0.0129018399377,True,0.0980906811075,0.0980906811075,0,0,672,120,1872,2720,2448,272
10,2,0,2,generic,9,10,0,True,0.0980906811075,0.0980906811075,0,0,1120,0,2720,2720,2448,272
10,2,0,8,rank,9,10,0,True,0.216147363803,0.216147363803,0,0,1120,200,3120,2720,2448,272
10,2,0,8,generic,9,10,0,True,0.216147363803,0.216147363803,0,0,1120,0,2720,2720,2448,272
10,2,0,32,rank,9,10,0,True,0.288197018724,0.288197018724,0,0,1120,200,3120,2720,2448,272
10,2,0,32,generic,9,10,0,True,0.288197018724,0.288197018724,0,0,1120,0,2720,2720,2448,272
10,2,1,2,rank,5,6,0.016694554973,True,0.270007856875,0.270007856875,0,0,672,120,1872,2720,2448,272
10,2,1,2,generic,7,8,0.0195076202166,True,0.270007856875,0.270007856875,0,0,896,0,2176,2720,2448,272
10,2,1,8,rank,8,9,0.00679817058563,True,0.433946405454,0.433946405454,0,0,1008,180,2808,2720,2448,272
10,2,1,8,generic,9,10,0,True,0.433946405454,0.433946405454,0,0,1120,0,2720,2720,2448,272
10,2,1,32,rank,9,10,0,True,0.525321363557,0.525321363557,0,1,1120,200,3120,2720,2448,272
10,2,1,32,generic,9,10,0,True,0.525321363557,0.525321363557,0,1,1120,0,2720,2720,2448,272
10,2,2,2,rank,9,10,0,True,0.399231278394,0.399231278394,0,0,1120,200,3120,2720,2448,272
10,2,2,2,generic,9,10,0,True,0.399231278394,0.399231278394,0,0,1120,0,2720,2720,2448,272
10,2,2,8,rank,9,10,0,True,0.603959031771,0.603959031771,0,0,1120,200,3120,2720,2448,272
10,2,2,8,generic,9,10,0,True,0.603959031771,0.603959031771,0,0,1120,0,2720,2720,2448,272
10,2,2,32,rank,9,10,0,True,0.717803476965,0.717803476965,0,0,1120,200,3120,2720,2448,272
10,2,2,32,generic,9,10,0,True,0.717803476965,0.717803476965,0,0,1120,0,2720,2720,2448,272
10,2,3,2,rank,8,9,0.00969331531915,True,0.0481401496835,0.0481401496835,0,0,1008,180,2808,2720,2448,272
10,2,3,2,generic,9,10,0,True,0.0481401496835,0.0481401496835,0,0,1120,0,2720,2720,2448,272
10,2,3,8,rank,9,10,0,True,0.276433169553,0.276433169553,0,1,1120,200,3120,2720,2448,272
10,2,3,8,generic,9,10,0,True,0.276433169553,0.276433169553,0,1,1120,0,2720,2720,2448,272
10,2,3,32,rank,9,10,0,True,0.575225767167,0.575225767167,0,2,1120,200,3120,2720,2448,272
10,2,3,32,generic,9,10,0,True,0.575225767167,0.575225767167,0,2,1120,0,2720,2720,2448,272
10,2,4,2,rank,8,9,0,True,0.246000048281,0.246000048281,0,0,1008,180,2808,2720,2448,272
10,2,4,2,generic,9,10,0,True,0.246000048281,0.246000048281,0,0,1120,0,2720,2720,2448,272
10,2,4,8,rank,9,10,0,True,0.294578530729,0.294578530729,0,0,1120,200,3120,2720,2448,272
10,2,4,8,generic,9,10,0,True,0.294578530729,0.294578530729,0,0,1120,0,2720,2720,2448,272
10,2,4,32,rank,9,10,0,True,0.395414702133,0.395414702133,0,0,1120,200,3120,2720,2448,272
10,2,4,32,generic,9,10,0,True,0.395414702133,0.395414702133,0,0,1120,0,2720,2720,2448,272
10,2,5,2,rank,5,6,0.0173056794302,True,0.203167921336,0.203167921336,0,0,672,120,1872,2720,2448,272
10,2,5,2,generic,9,10,0,True,0.203167921336,0.203167921336,0,0,1120,0,2720,2720,2448,272
10,2,5,8,rank,7,8,0.0197534753022,True,0.273034099847,0.273034099847,0,0,896,160,2496,2720,2448,272
10,2,5,8,generic,9,10,0,True,0.273034099847,0.273034099847,0,0,1120,0,2720,2720,2448,272
10,2,5,32,rank,8,9,0,True,0.34893112107,0.34893112107,0,0,1008,180,2808,2720,2448,272
10,2,5,32,generic,9,10,0,True,0.34893112107,0.34893112107,0,0,1120,0,2720,2720,2448,272
10,2,6,2,rank,8,9,0.000280229891093,True,0.433496510834,0.433496510834,0,0,1008,180,2808,2720,2448,272
10,2,6,2,generic,9,10,0,True,0.433496510834,0.433496510834,0,0,1120,0,2720,2720,2448,272
10,2,6,8,rank,8,9,0.00570284313554,True,0.553648607564,0.553648607564,0,0,1008,180,2808,2720,2448,272
10,2,6,8,generic,9,10,0,True,0.553648607564,0.553648607564,0,0,1120,0,2720,2720,2448,272
10,2,6,32,rank,8,9,0.0197780782402,True,0.621322338257,0.621322338257,0,0,1008,180,2808,2720,2448,272
10,2,6,32,generic,9,10,0,True,0.621322338257,0.621322338257,0,0,1120,0,2720,2720,2448,272
10,2,7,2,rank,7,8,0.0124049164037,True,0.143060679338,0.143060679338,0,0,896,160,2496,2720,2448,272
10,2,7,2,generic,9,10,0,True,0.143060679338,0.143060679338,0,0,1120,0,2720,2720,2448,272
10,2,7,8,rank,9,10,0,True,0.305269695013,0.305269695013,0,0,1120,200,3120,2720,2448,272
10,2,7,8,generic,9,10,0,True,0.305269695013,0.305269695013,0,0,1120,0,2720,2720,2448,272
10,2,7,32,rank,9,10,0,True,0.440122916594,0.440122916594,0,0,1120,200,3120,2720,2448,272
10,2,7,32,generic,9,10,0,True,0.440122916594,0.440122916594,0,0,1120,0,2720,2720,2448,272
10,2,8,2,rank,8,9,0.00950448408913,True,0.429562775098,0.429562775098,0,0,1008,180,2808,2720,2448,272
10,2,8,2,generic,9,10,0,True,0.429562775098,0.429562775098,0,0,1120,0,2720,2720,2448,272
10,2,8,8,rank,9,10,0,True,0.579623356342,0.579623356342,0,0,1120,200,3120,2720,2448,272
10,2,8,8,generic,9,10,0,True,0.579623356342,0.579623356342,0,0,1120,0,2720,2720,2448,272
10,2,8,32,rank,9,10,0,True,0.662204576819,0.662204576819,0,0,1120,200,3120,2720,2448,272
10,2,8,32,generic,9,10,0,True,0.662204576819,0.662204576819,0,0,1120,0,2720,2720,2448,272
10,2,9,2,rank,6,7,0.0186972737569,True,0.0753150640765,0.0753150640765,0,0,784,140,2184,2720,2448,272
10,2,9,2,generic,8,9,0.0148045066631,True,0.0753150640765,0.0753150640765,0,0,1008,0,2448,2720,2448,272
10,2,9,8,rank,9,10,0,True,0.138643644498,0.138643644498,0,0,1120,200,3120,2720,2448,272
10,2,9,8,generic,9,10,0,True,0.138643644498,0.138643644498,0,0,1120,0,2720,2720,2448,272
10,2,9,32,rank,9,10,0,True,0.263313464148,0.263313464148,0,0,1120,200,3120,2720,2448,272
10,2,9,32,generic,9,10,0,True,0.263313464148,0.263313464148,0,0,1120,0,2720,2720,2448,272
10,2,10,2,rank,5,6,0.0122733776901,True,0.123520654814,0.123520654814,0,0,672,120,1872,2720,2448,272
10,2,10,2,generic,8,9,0.0104707922137,True,0.123520654814,0.123520654814,0,0,1008,0,2448,2720,2448,272
10,2,10,8,rank,8,9,0,True,0.286895668282,0.286895668282,0,0,1008,180,2808,2720,2448,272
10,2,10,8,generic,9,10,0,True,0.286895668282,0.286895668282,0,0,1120,0,2720,2720,2448,272
10,2,10,32,rank,9,10,0,True,0.368002749369,0.368002749369,0,0,1120,200,3120,2720,2448,272
10,2,10,32,generic,9,10,0,True,0.368002749369,0.368002749369,0,0,1120,0,2720,2720,2448,272
10,2,11,2,rank,7,8,0.0145720724534,True,0.462392496009,0.462392496009,0,0,896,160,2496,2720,2448,272
10,2,11,2,generic,9,10,0,True,0.462392496009,0.462392496009,0,0,1120,0,2720,2720,2448,272
10,2,11,8,rank,8,9,0,True,0.513162211627,0.513162211627,0,0,1008,180,2808,2720,2448,272
10,2,11,8,generic,9,10,0,True,0.513162211627,0.513162211627,0,0,1120,0,2720,2720,2448,272
10,2,11,32,rank,8,9,0,True,0.555269223015,0.555269223015,0,0,1008,180,2808,2720,2448,272
10,2,11,32,generic,9,10,0,True,0.555269223015,0.555269223015,0,0,1120,0,2720,2720,2448,272
10,8,0,2,rank,9,10,0,True,0.478699383784,0.478699383784,0,0,4480,5600,36480,14080,12672,1408
10,8,0,2,generic,9,10,0,True,0.478699383784,0.478699383784,0,0,4480,0,14080,14080,12672,1408
10,8,0,8,rank,9,10,0,True,0.76393146174,0.76393146174,0,0,4480,5600,36480,14080,12672,1408
10,8,0,8,generic,9,10,0,True,0.76393146174,0.76393146174,0,0,4480,0,14080,14080,12672,1408
10,8,0,32,rank,9,10,0,True,0.852000007031,0.852000007031,0,1,4480,5600,36480,14080,12672,1408
10,8,0,32,generic,9,10,0,True,0.852000007031,0.852000007031,0,1,4480,0,14080,14080,12672,1408
10,8,1,2,rank,9,10,0,True,0.555304749679,0.555304749679,0,0,4480,5600,36480,14080,12672,1408
10,8,1,2,generic,9,10,0,True,0.555304749679,0.555304749679,0,0,4480,0,14080,14080,12672,1408
10,8,1,8,rank,9,10,0,True,0.833664417453,0.833664417453,0,1,4480,5600,36480,14080,12672,1408
10,8,1,8,generic,9,10,0,True,0.833664417453,0.833664417453,0,1,4480,0,14080,14080,12672,1408
10,8,1,32,rank,9,10,0,True,0.888416095429,0.888416095429,0,1,4480,5600,36480,14080,12672,1408
10,8,1,32,generic,9,10,0,True,0.888416095429,0.888416095429,0,1,4480,0,14080,14080,12672,1408
10,8,2,2,rank,9,10,0,True,0.596285051955,0.596285051955,0,0,4480,5600,36480,14080,12672,1408
10,8,2,2,generic,9,10,0,True,0.596285051955,0.596285051955,0,0,4480,0,14080,14080,12672,1408
10,8,2,8,rank,9,10,0,True,0.75404264958,0.75404264958,0,0,4480,5600,36480,14080,12672,1408
10,8,2,8,generic,9,10,0,True,0.75404264958,0.75404264958,0,0,4480,0,14080,14080,12672,1408
10,8,2,32,rank,9,10,0,True,0.806382603467,0.806382603467,0,1,4480,5600,36480,14080,12672,1408
10,8,2,32,generic,9,10,0,True,0.806382603467,0.806382603467,0,1,4480,0,14080,14080,12672,1408
10,8,3,2,rank,9,10,0,True,0.603589035089,0.603589035089,0,0,4480,5600,36480,14080,12672,1408
10,8,3,2,generic,9,10,0,True,0.603589035089,0.603589035089,0,0,4480,0,14080,14080,12672,1408
10,8,3,8,rank,9,10,0,True,0.821676490915,0.821676490915,0,0,4480,5600,36480,14080,12672,1408
10,8,3,8,generic,9,10,0,True,0.821676490915,0.821676490915,0,0,4480,0,14080,14080,12672,1408
10,8,3,32,rank,9,10,0,True,0.895755718292,0.895755718292,0,0,4480,5600,36480,14080,12672,1408
10,8,3,32,generic,9,10,0,True,0.895755718292,0.895755718292,0,0,4480,0,14080,14080,12672,1408
10,8,4,2,rank,9,10,0,True,0.390755201005,0.390755201005,0,0,4480,5600,36480,14080,12672,1408
10,8,4,2,generic,9,10,0,True,0.390755201005,0.390755201005,0,0,4480,0,14080,14080,12672,1408
10,8,4,8,rank,9,10,0,True,0.731405597775,0.731405597775,0,2,4480,5600,36480,14080,12672,1408
10,8,4,8,generic,9,10,0,True,0.731405597775,0.731405597775,0,2,4480,0,14080,14080,12672,1408
10,8,4,32,rank,9,10,0,True,0.912920831972,0.912920831972,0,2,4480,5600,36480,14080,12672,1408
10,8,4,32,generic,9,10,0,True,0.912920831972,0.912920831972,0,2,4480,0,14080,14080,12672,1408
10,8,5,2,rank,9,10,0,True,0.381901873258,0.381901873258,0,0,4480,5600,36480,14080,12672,1408
10,8,5,2,generic,9,10,0,True,0.381901873258,0.381901873258,0,0,4480,0,14080,14080,12672,1408
10,8,5,8,rank,9,10,0,True,0.680954565167,0.680954565167,0,1,4480,5600,36480,14080,12672,1408
10,8,5,8,generic,9,10,0,True,0.680954565167,0.680954565167,0,1,4480,0,14080,14080,12672,1408
10,8,5,32,rank,9,10,0,True,0.769418113017,0.769418113017,0,1,4480,5600,36480,14080,12672,1408
10,8,5,32,generic,9,10,0,True,0.769418113017,0.769418113017,0,1,4480,0,14080,14080,12672,1408
10,8,6,2,rank,9,10,0,True,0.469944953262,0.469944953262,0,0,4480,5600,36480,14080,12672,1408
10,8,6,2,generic,9,10,0,True,0.469944953262,0.469944953262,0,0,4480,0,14080,14080,12672,1408
10,8,6,8,rank,9,10,0,True,0.859719454353,0.859719454353,0,1,4480,5600,36480,14080,12672,1408
10,8,6,8,generic,9,10,0,True,0.859719454353,0.859719454353,0,1,4480,0,14080,14080,12672,1408
10,8,6,32,rank,9,10,0,True,0.916772982542,0.916772982542,0,1,4480,5600,36480,14080,12672,1408
10,8,6,32,generic,9,10,0,True,0.916772982542,0.916772982542,0,1,4480,0,14080,14080,12672,1408
10,8,7,2,rank,9,10,0,True,0.518940791202,0.518940791202,0,0,4480,5600,36480,14080,12672,1408
10,8,7,2,generic,9,10,0,True,0.518940791202,0.518940791202,0,0,4480,0,14080,14080,12672,1408
10,8,7,8,rank,9,10,0,True,0.871988069976,0.871988069976,0,1,4480,5600,36480,14080,12672,1408
10,8,7,8,generic,9,10,0,True,0.871988069976,0.871988069976,0,1,4480,0,14080,14080,12672,1408
10,8,7,32,rank,9,10,0,True,0.923572035933,0.923572035933,0,0,4480,5600,36480,14080,12672,1408
10,8,7,32,generic,9,10,0,True,0.923572035933,0.923572035933,0,0,4480,0,14080,14080,12672,1408
10,8,8,2,rank,9,10,0,True,0.451839462203,0.451839462203,0,0,4480,5600,36480,14080,12672,1408
10,8,8,2,generic,9,10,0,True,0.451839462203,0.451839462203,0,0,4480,0,14080,14080,12672,1408
10,8,8,8,rank,9,10,0,True,0.807684661365,0.807684661365,0,1,4480,5600,36480,14080,12672,1408
10,8,8,8,generic,9,10,0,True,0.807684661365,0.807684661365,0,1,4480,0,14080,14080,12672,1408
10,8,8,32,rank,9,10,0,True,0.889122842952,0.889122842952,0,1,4480,5600,36480,14080,12672,1408
10,8,8,32,generic,9,10,0,True,0.889122842952,0.889122842952,0,1,4480,0,14080,14080,12672,1408
10,8,9,2,rank,9,10,0,True,0.563093961305,0.563093961305,0,0,4480,5600,36480,14080,12672,1408
10,8,9,2,generic,9,10,0,True,0.563093961305,0.563093961305,0,0,4480,0,14080,14080,12672,1408
10,8,9,8,rank,9,10,0,True,0.808245967969,0.808245967969,0,1,4480,5600,36480,14080,12672,1408
10,8,9,8,generic,9,10,0,True,0.808245967969,0.808245967969,0,1,4480,0,14080,14080,12672,1408
10,8,9,32,rank,9,10,0,True,0.838452228042,0.838452228042,0,1,4480,5600,36480,14080,12672,1408
10,8,9,32,generic,9,10,0,True,0.838452228042,0.838452228042,0,1,4480,0,14080,14080,12672,1408
10,8,10,2,rank,9,10,0,True,0.654743092829,0.654743092829,0,0,4480,5600,36480,14080,12672,1408
10,8,10,2,generic,9,10,0,True,0.654743092829,0.654743092829,0,0,4480,0,14080,14080,12672,1408
10,8,10,8,rank,9,10,0,True,0.894175552611,0.894175552611,0,0,4480,5600,36480,14080,12672,1408
10,8,10,8,generic,9,10,0,True,0.894175552611,0.894175552611,0,0,4480,0,14080,14080,12672,1408
10,8,10,32,rank,9,10,0,True,0.921026508624,0.921026508624,0,0,4480,5600,36480,14080,12672,1408
10,8,10,32,generic,9,10,0,True,0.921026508624,0.921026508624,0,0,4480,0,14080,14080,12672,1408
10,8,11,2,rank,9,10,0,True,0.456931970389,0.456931970389,0,0,4480,5600,36480,14080,12672,1408
10,8,11,2,generic,9,10,0,True,0.456931970389,0.456931970389,0,0,4480,0,14080,14080,12672,1408
10,8,11,8,rank,9,10,0,True,0.72336933016,0.72336933016,0,1,4480,5600,36480,14080,12672,1408
10,8,11,8,generic,9,10,0,True,0.72336933016,0.72336933016,0,1,4480,0,14080,14080,12672,1408
10,8,11,32,rank,9,10,0,True,0.830781776545,0.830781776545,0,1,4480,5600,36480,14080,12672,1408
10,8,11,32,generic,9,10,0,True,0.830781776545,0.830781776545,0,1,4480,0,14080,14080,12672,1408
3,32,0,2,rank,2,3,0,True,0.616008271396,0.616008271396,0,0,1344,8928,59520,5952,3968,1984
3,32,0,2,generic,2,3,0,True,0.616008271396,0.616008271396,0,0,1344,0,5952,5952,3968,1984
3,32,0,8,rank,2,3,0,True,0.853569936711,0.853569936711,0,0,1344,8928,59520,5952,3968,1984
3,32,0,8,generic,2,3,0,True,0.853569936711,0.853569936711,0,0,1344,0,5952,5952,3968,1984
3,32,0,32,rank,2,3,0,True,0.907056770637,0.907056770637,0,0,1344,8928,59520,5952,3968,1984
3,32,0,32,generic,2,3,0,True,0.907056770637,0.907056770637,0,0,1344,0,5952,5952,3968,1984
3,32,1,2,rank,2,3,0,True,0.736097371048,0.736097371048,0,0,1344,8928,59520,5952,3968,1984
3,32,1,2,generic,2,3,0,True,0.736097371048,0.736097371048,0,0,1344,0,5952,5952,3968,1984
3,32,1,8,rank,2,3,0,True,0.898852122606,0.898852122606,0,0,1344,8928,59520,5952,3968,1984
3,32,1,8,generic,2,3,0,True,0.898852122606,0.898852122606,0,0,1344,0,5952,5952,3968,1984
3,32,1,32,rank,2,3,0,True,0.913440964886,0.913440964886,0,0,1344,8928,59520,5952,3968,1984
3,32,1,32,generic,2,3,0,True,0.913440964886,0.913440964886,0,0,1344,0,5952,5952,3968,1984
3,32,2,2,rank,2,3,0,True,0.663505964527,0.663505964527,0,0,1344,8928,59520,5952,3968,1984
3,32,2,2,generic,2,3,0,True,0.663505964527,0.663505964527,0,0,1344,0,5952,5952,3968,1984
3,32,2,8,rank,2,3,0,True,0.861685170827,0.861685170827,0,0,1344,8928,59520,5952,3968,1984
3,32,2,8,generic,2,3,0,True,0.861685170827,0.861685170827,0,0,1344,0,5952,5952,3968,1984
3,32,2,32,rank,2,3,0,True,0.914606956268,0.914606956268,0,0,1344,8928,59520,5952,3968,1984
3,32,2,32,generic,2,3,0,True,0.914606956268,0.914606956268,0,0,1344,0,5952,5952,3968,1984
6,32,0,2,rank,5,6,0,True,0.568388736003,0.568388736003,0,0,6144,35712,238848,24576,20480,4096
6,32,0,2,generic,5,6,0,True,0.568388736003,0.568388736003,0,0,6144,0,24576,24576,20480,4096
6,32,0,8,rank,5,6,0,True,0.849652236101,0.849652236101,0,0,6144,35712,238848,24576,20480,4096
6,32,0,8,generic,5,6,0,True,0.849652236101,0.849652236101,0,0,6144,0,24576,24576,20480,4096
6,32,0,32,rank,5,6,0,True,0.896858545328,0.896858545328,0,0,6144,35712,238848,24576,20480,4096
6,32,0,32,generic,5,6,0,True,0.896858545328,0.896858545328,0,0,6144,0,24576,24576,20480,4096
6,32,1,2,rank,5,6,0,True,0.487781097718,0.487781097718,0,0,6144,35712,238848,24576,20480,4096
6,32,1,2,generic,5,6,0,True,0.487781097718,0.487781097718,0,0,6144,0,24576,24576,20480,4096
6,32,1,8,rank,5,6,0,True,0.743360520852,0.743360520852,0,0,6144,35712,238848,24576,20480,4096
6,32,1,8,generic,5,6,0,True,0.743360520852,0.743360520852,0,0,6144,0,24576,24576,20480,4096
6,32,1,32,rank,5,6,0,True,0.844023409397,0.844023409397,0,0,6144,35712,238848,24576,20480,4096
6,32,1,32,generic,5,6,0,True,0.844023409397,0.844023409397,0,0,6144,0,24576,24576,20480,4096
6,32,2,2,rank,5,6,0,True,0.553011836022,0.553011836022,0,0,6144,35712,238848,24576,20480,4096
6,32,2,2,generic,5,6,0,True,0.553011836022,0.553011836022,0,0,6144,0,24576,24576,20480,4096
6,32,2,8,rank,5,6,0,True,0.797873963324,0.797873963324,0,0,6144,35712,238848,24576,20480,4096
6,32,2,8,generic,5,6,0,True,0.797873963324,0.797873963324,0,0,6144,0,24576,24576,20480,4096
6,32,2,32,rank,5,6,0,True,0.898406295048,0.898406295048,0,0,6144,35712,238848,24576,20480,4096
6,32,2,32,generic,5,6,0,True,0.898406295048,0.898406295048,0,0,6144,0,24576,24576,20480,4096
